,text,text-corrected,id.x,inTrain,username,date,retweets,favorites,geo,mentions,hashtags,id.y,permalink,X
179,Students doing a great job here maintaining respectful testing environment w/high opt out numbers. #PARCC,,8177,1,xianb8,3/17/15,1,2,,,#PARCC,5.78E+17,https://twitter.com/xianb8/status/577869636147945472,
204,Tomorrow is the first day of ELA #PARCC for the #jmswoburn 7th grade students. Get a good night sleep and a big breakfast! #youcandoit!,,3253,1,WryeWMS,3/24/15,1,4,,,#PARCC #jmswoburn #youcandoit,5.80E+17,https://twitter.com/WryeWMS/status/580498503463473152,
147,Owlstars remember tomorrow at 8am is our 1st ever PARCC test! Please be on time so we can start immediately and rock the #PARCC,,8603,1,WiseWolter,3/16/15,0,0,,,#PARCC,5.78E+17,https://twitter.com/WiseWolter/status/577689765249679360,
59,Alright boys and girls let's #PARCC,,4240,1,whatchasay_MrJ,3/22/15,0,1,,,#PARCC,5.80E+17,https://twitter.com/whatchasay_MrJ/status/579817619852644353,
213,Wed and Thurs are dress down days for students who have the Gold #PARCC Pride Points for both Reading and Math #pbis,,50000,1,WalkerMillMS,3/31/15,1,0,,,#PARCC #pbis,5.83E+17,https://twitter.com/WalkerMillMS/status/583041529687707648,
104,Great start to #PARCC testing @casejrhigh - keep up the good work #teamwork #winners,,8536,1,vie_lisa,3/17/15,0,2,,@casejrhigh,#PARCC #teamwork #winners,5.78E+17,https://twitter.com/vie_lisa/status/577784769611706368,
78,"Cuz the #PARCC test ain't got nothin on us"" - @RoxburyPrepRPC #uncommonschools can't get the song out of my head #joyfactor""",,50008,1,titcBARROSiana,3/30/15,0,0,,@RoxburyPrepRPC,#PARCC #uncommonschools #joyfactor,5.83E+17,https://twitter.com/titcBARROSiana/status/582680384011431936,
4,@beansouptimes: Have your followers submit questions on #testing policy & #OptOut to our panel of teachers & policy makers w/ #TestingSeason,,302,1,theschoolpr,3/31/15,0,0,,@beansouptimes,#testing #OptOut #TestingSeason,5.83E+17,https://twitter.com/theschoolpr/status/582958137482866688,
24,@UrbanEdMOOC Our #TestingSeason panel tonight includes teachers & policy makers do you have any questions about #OptOut & #testing policy?,,295,1,theschoolpr,3/31/15,1,0,,@UrbanEdMOOC,#TestingSeason #OptOut #testing,5.83E+17,https://twitter.com/theschoolpr/status/582960694720598016,
81,Did your kids take #PARCC this week? Here's a video explaining why some educators think the test is a valuable tool: http://ow.ly/KBA6g,,4332,1,theschoolpr,3/22/15,0,0,,,#PARCC,5.80E+17,https://twitter.com/theschoolpr/status/579739384930541568,
125,"ISBE rep: students can refuse the test but we do not favor the #optout because we believe in this test. It is a better test"" #TestingSeason""",,130,1,theschoolpr,3/31/15,2,1,,,#optout #TestingSeason,5.83E+17,https://twitter.com/theschoolpr/status/583047513843703808,
96,Getting scheduling squared away for the next round of #parcc and #air This is great. Good job @sampson_mp and @morrisce22,,1896,1,theipodteacher,3/27/15,0,1,,@sampson_mp @morrisce22,#parcc #air,5.81E+17,https://twitter.com/theipodteacher/status/581450041082159104,
138,New post from @FutureReadyMA about our report: MA Teachers Examine PARCC - learn why MA educators support #PARCC http://tinyurl.com/owt5g75,,3390,1,teachplusMA,3/24/15,0,0,,@FutureReadyMA,#PARCC,5.80E+17,https://twitter.com/teachplusMA/status/580435592665784320,
90,For those of you about to take the #parcc plunge -- these strategies have helped us for sure: http://goo.gl/YBSckC,,3370,1,teachargument,5/5/15,0,0,,,#parcc,5.96E+17,https://twitter.com/teachargument/status/595664879622709249,
91,For those of you about to take the #parcc plunge -- these strategies have helped us for sure: http://goo.gl/YBSckC,,3370,1,teachargument,4/21/15,0,0,,,#parcc,5.91E+17,https://twitter.com/teachargument/status/590591534132789248,
92,For those of you about to take the #parcc plunge -- these strategies have helped us for sure: http://goo.gl/YBSckC,,3370,1,teachargument,3/24/15,0,0,,,#parcc,5.80E+17,https://twitter.com/teachargument/status/580444551447478272,
93,For those of you about to take the #parcc plunge -- these strategies have helped us for sure: http://goo.gl/YBSckC,,3370,1,teachargument,3/17/15,0,0,,,#parcc,5.78E+17,https://twitter.com/teachargument/status/577907949097652225,
94,For those of you about to take the #parcc plunge -- these strategies have helped us for sure: http://goo.gl/YBSckC,,3370,1,teachargument,3/3/15,0,0,,,#parcc,5.73E+17,https://twitter.com/teachargument/status/572849488525713408,
95,For those of you about to take the #parcc plunge -- these strategies have helped us for sure: http://goo.gl/YBSckC,,3370,1,teachargument,2/24/15,0,0,,,#parcc,5.70E+17,https://twitter.com/teachargument/status/570312532445040640,
174,Some of the BEST #PARCC pointers that #ohedchat is sure to appreciate:http://goo.gl/YBSckC,,8778,1,teachargument,3/23/15,0,0,,,#PARCC #ohedchat,5.80E+17,https://twitter.com/teachargument/status/580177342494085121,
175,Some of the BEST #PARCC pointers that #ohedchat is sure to appreciate:http://goo.gl/YBSckC,,8778,1,teachargument,3/16/15,0,0,,,#PARCC #ohedchat,5.78E+17,https://twitter.com/teachargument/status/577640609772621824,
176,Some of the BEST #PARCC pointers that #ohedchat is sure to appreciate:http://goo.gl/YBSckC,,8778,1,teachargument,3/9/15,1,2,,,#PARCC #ohedchat,5.75E+17,https://twitter.com/teachargument/status/575103921686994944,
177,Some of the BEST #PARCC pointers that #ohedchat is sure to appreciate:http://goo.gl/YBSckC,,8778,1,teachargument,3/2/15,1,0,,,#PARCC #ohedchat,5.73E+17,https://twitter.com/teachargument/status/572582241857105921,
178,Some of the BEST #PARCC pointers that #ohedchat is sure to appreciate:http://goo.gl/YBSckC,,8778,1,teachargument,2/23/15,1,0,,,#PARCC #ohedchat,5.70E+17,https://twitter.com/teachargument/status/570045512604360704,
21,@RealTalkGwenS Wait until those white parents figure out that the test they are opting out of is free test preparation for the New SAT.,,36,1,sowhesed,3/31/15,3,2,,@RealTalkGwenS,,5.83E+17,https://twitter.com/sowhesed/status/583092573427802112,
195,The SAT can't be leveraged for more school funds resources & supports. But statewide annual assessments can. #Optout protects privilege.,,1547,1,shreec,3/28/15,0,1,,,#Optout,5.82E+17,https://twitter.com/shreec/status/581800972437069824,
114,"How will anyone know if education is heading the right direction?"" Testing #optout is a mistake: http://ow.ly/L2YTL @TimesUnion""",,50017,1,SheriRodman,3/31/15,1,0,,@TimesUnion,#optout,5.83E+17,https://twitter.com/SheriRodman/status/583022328218537984,
101,Good Luck to all my teacher peeps giving the #PARCC test this week! pic.twitter.com/mFzLxmIh3y,,10033,1,shannonpglover,3/15/15,0,2,,,#PARCC,5.77E+17,https://twitter.com/shannonpglover/status/577300031499186176,
134,My appreciation & thanks to our 7 & 8 graders and staff for all of your efforts as we began #PARCC. #Thankyoupic.twitter.com/AraceB1QeZ,,8803,1,sean_gilrein,3/16/15,2,2,,,#PARCC #Thankyoupic,5.78E+17,https://twitter.com/sean_gilrein/status/577637999279734784,
57,"A Recipe for #PARCC Success: @JohnsburgSD12 approaches new testing system with all skills on deck"" approach: http://bit.ly/1Ba869c #CCSS""",,4010,1,ScholasticEd,3/23/15,1,0,,@JohnsburgSD12,#PARCC #CCSS,5.80E+17,https://twitter.com/ScholasticEd/status/580053747067432960,
154,Parents want that free public edu 4 their kids but w/o pesky tests || Parents & Students Opt Out #CommonCore testing http://nyti.ms/1wDojSo,,22180,1,RTVJoeDC,3/1/15,0,0,,,#CommonCore,5.72E+17,https://twitter.com/RTVJoeDC/status/572219541419257856,
133,"Much Needed! Pearson released an update that prevents students from being able to submit their test if they have unvisited units."" #parcc""",,4050,1,rsaeks,3/23/15,0,0,,,#parcc,5.80E+17,https://twitter.com/rsaeks/status/580027146971652096,
84,Don't forget #PARCC testing starts this week. Get a good night's sleep eat healthy & get to school on time!,,4075,1,RPS_AsstSuper,3/23/15,0,1,,,#PARCC,5.80E+17,https://twitter.com/RPS_AsstSuper/status/580015539659149313,
205,Tomorrow our 6th graders begin #Parcc testing. Get to bed early eat a healthy breakfast and get to school on time!,,50009,1,RPS_AsstSuper,3/30/15,0,0,,,#Parcc,5.83E+17,https://twitter.com/RPS_AsstSuper/status/582657371480174592,
56,A huge congratulations to our 3rd grade scholars for completing their #PARCC testing today. Bravo! pic.twitter.com/N1e0dqsmK0,,1730,1,RockyMtnPrep,3/27/15,0,1,,,#PARCC,5.82E+17,https://twitter.com/RockyMtnPrep/status/581577001309442051,
58,"Accurate test results are necessary for teachers & schools to identify areas of need."" The case against #optout http://bit.ly/1GRVx5Z""",,8010,1,RhodeIslandCAN,3/17/15,0,0,,,#optout,5.78E+17,https://twitter.com/RhodeIslandCAN/status/577899708913295360,
11,@Montel_Williams They're not. #pearsoniswatching is some serious Alex Jones-level bullshit.,,8579,1,revprez,3/17/15,0,0,,@Montel_Williams,#pearsoniswatching,5.78E+17,https://twitter.com/revprez/status/577717338428035072,
161,Relax #PARCC people. Pearson isn't spying on your kids. Tweeting a copy of a test however is probably going to attract some attention.,,8652,1,revprez,3/16/15,0,0,,,#PARCC,5.78E+17,https://twitter.com/revprez/status/577662571991412737,
191,The 4th and 5th graders of City Springs are ready for the #PARCC exam! @BaltCitySchools https://instagram.com/p/0VCvRiA8p_/,,8479,1,RevMLTillerJr,3/17/15,0,0,,@BaltCitySchools,#PARCC,5.78E+17,https://twitter.com/RevMLTillerJr/status/577808476359024640,
26,#GoodMorning Make sure you guys eat a balanced breakfast It'll help you sustain while taking the #PARCC test.... http://fb.me/3ksHq2XEB,,8520,1,Renaissance433,3/17/15,2,2,,,#GoodMorning #PARCC,5.78E+17,https://twitter.com/Renaissance433/status/577789738603667457,
115,I won't opt my kid out of Common Core testing in Oregon. But I will temporarily change his name to Little Bobby Tables.,,9,1,realgxr,3/31/15,0,0,,,,5.83E+17,https://twitter.com/realgxr/status/583120794093391872,
122,In last month where has more time been spent administering/taking #PARCC or complaining/rallying against? #edchat #njed,,855,1,PVRTech,3/30/15,0,0,,,#PARCC #edchat #njed,5.83E+17,https://twitter.com/PVRTech/status/582576597523435520,
10,@MisteneC Adaptive Learning tool That Is Aligned With #RTI & Offers Test Based On Principals Of #PARCC & #SBAC http://bit.ly/1l9hNxv,,3046,1,PracTutor,3/25/15,0,0,,@MisteneC,#RTI #PARCC #SBAC,5.81E+17,https://twitter.com/PracTutor/status/580718480359628800,
148,PARCC assessments provide the schools teachers and parents with data to improve student performance. #PARCC htt‚Ä¶/bit.ly/1F9ebGW,,50027,1,PracTutor,3/30/15,0,0,,,#PARCC,5.83E+17,https://twitter.com/PracTutor/status/582609791404679169,
34,#PARCC started today for grades 3 & 4 and everything went smoothly. The kids did an awesome job #pohatpride,,8191,1,PohatSchool,3/17/15,1,3,,,#PARCC #pohatpride,5.78E+17,https://twitter.com/PohatSchool/status/577867225425526784,
209,We are officially finished with the #PARCC Performance Based Assessment! Thanks to everyone for your support. #PohatPride,,1746,1,PohatSchool,3/27/15,0,2,,,#PARCC #PohatPride,5.82E+17,https://twitter.com/PohatSchool/status/581562272566403072,
16,@PARCCPlace #coolblue9 #PARCC - I liked the non-calculator section because it was easier & a few questions were difficult -,,1946,1,PEACHY_ARI,3/27/15,2,0,,@PARCCPlace,#coolblue9 #PARCC,5.81E+17,https://twitter.com/PEACHY_ARI/status/581422706282872832,
38,#PARCC's winding down. Time to focus on tech integration that enables otherwise impossible lessons... http://ow.ly/KEOqn #edtech #ETIPC,,4246,1,PCookTech,3/22/15,0,0,,,#PARCC #edtech #ETIPC,5.80E+17,https://twitter.com/PCookTech/status/579812260702478336,
106,Had the pleasure of focusing on #edtech rather than #PARCC because testing went so well #PARCCready,,8633,1,PCookTech,3/16/15,0,0,,,#edtech #PARCC #PARCCready,5.78E+17,https://twitter.com/PCookTech/status/577669057719185408,
7,@Dolcisima I am still trying to wrap my head around how looking at publicly shared social media posts is spying? #PARCC #justsaying,,8008,1,patrickmlarkin,3/17/15,0,1,,@Dolcisima,#PARCC #justsaying,5.78E+17,https://twitter.com/patrickmlarkin/status/577900465528139776,
29,#NJ: Getting it right #PARCC style http://bit.ly/1EnZTmK #PARCCreadypic.twitter.com/fQg97T6Iw2,,8281,1,PARCCPlace,3/17/15,0,0,,,#NJ #PARCC #PARCCreadypic,5.78E+17,https://twitter.com/PARCCPlace/status/577850896945700864,
35,#PARCC tests Ss creativity & analytical thinking not just memorization of facts http://bit.ly/1HX1WRn #MApic.twitter.com/4D9PxQ6rnx,,840,1,PARCCPlace,3/30/15,9,5,,,#PARCC #MApic,5.83E+17,https://twitter.com/PARCCPlace/status/582584424014995456,
37,#PARCC will broaden teaching repertoire and help Ss' learn more about how technology can help them in every subject http://bit.ly/1E5JDZ0,,50023,1,PARCCPlace,3/30/15,3,2,,,#PARCC,5.83E+17,https://twitter.com/PARCCPlace/status/582627222399414272,
40,#Teachers be sure to check out #PARCC Professional Development Modules http://bit.ly/YRnWJB #PARCCready,,8473,1,PARCCPlace,3/17/15,9,2,,,#Teachers #PARCC #PARCCready,5.78E+17,https://twitter.com/PARCCPlace/status/577809328176017408,
208,Understanding the blueprint of the #PARCC assessments http://bit.ly/1AvyVEt #PARCCready,,4142,1,PARCCPlace,3/23/15,5,3,,,#PARCC #PARCCready,5.80E+17,https://twitter.com/PARCCPlace/status/579979810996371456,
199,They approve: NJ Community college presidents will use controversial #PARCC tests for student placement http://bit.ly/1BKYi4P,,3374,1,northjersey,3/24/15,3,0,,,#PARCC,5.80E+17,https://twitter.com/northjersey/status/580441737438593024,
79,Debates over testing crossing the line as opt outs put NM at risk http://goo.gl/SeYdGr @CarinaHilbert,,3180,1,NMEdPolicyBlog,3/24/15,0,0,,@CarinaHilbert,,5.81E+17,https://twitter.com/NMEdPolicyBlog/status/580543398295265280,
65,Asked a student who just took the #PARCC what he thought: More interesting and fun than the state test he took last year. #CommonCore,,1289,1,NaomiDeVeaux,3/29/15,0,0,,,#PARCC #CommonCore,5.82E+17,https://twitter.com/NaomiDeVeaux/status/582177449083056128,
2,"[Standardized tests]... can_ÔøΩÔøΩt measure and attach a meaningful number to the quality of original thought."" #optout http://www.washingtonpost.com/blogs/answer-sheet/wp/2015/03/01/the-important-things-standardized-tests-dont-measure/ÔøΩ__ÔøΩ_""","[Standardized tests]... can‚Äôt measure and attach a meaningful number to the quality of original thought."" #optout http://www.washingtonpost.com/blogs/answer-sheet/wp/2015/03/01/the-important-things-standardized-tests-dont-measure/¬†‚Ä¶""",17502,1,NA,NA,NA,NA,NA,NA,NA,NA,NA,NA
5,"@CommunityCCRC: New Jersey colleges issue statement in support of #CommonCore & #PARCC assessments: http://www.app.com/story/news/education/homeandschool/2015/03/23/nj-colleges-support-common-core/70351536/ÔøΩ__ÔøΩ_"" #comm_colleges""","@CommunityCCRC: New Jersey colleges issue statement in support of #CommonCore & #PARCC assessments: http://www.app.com/story/news/education/homeandschool/2015/03/23/nj-colleges-support-common-core/70351536/¬†‚Ä¶"" #comm_colleges""",3433,1,NA,NA,NA,NA,NA,NA,NA,NA,NA,NA
9,"@meanwhilefl just because you may not understand something doesn't mean it's the devil"" http://digital.olivesoftware.com/Olive/ODE/APress/LandingPage/LandingPage.aspx?href=QW1QLzIwMTUvMDMvMjM.&pageno=NA..&entity=QXIwMDQwMQ..&view=ZW50aXR5ÔøΩ__ÔøΩ_ #optout""","@meanwhilefl just because you may not understand something doesn't mean it's the devil"" http://digital.olivesoftware.com/Olive/ODE/APress/LandingPage/LandingPage.aspx?href=QW1QLzIwMTUvMDMvMjM.&pageno=NA..&entity=QXIwMDQwMQ..&view=ZW50aXR5¬†‚Ä¶ #optout""",4060,1,NA,NA,NA,NA,NA,NA,NA,NA,NA,NA
22,@SimplySuzy beautiful thoughts on @FourthGraders and #PARCC http://fb.me/7aylCt6YIÔøΩ_. Share with fellow Ts & Ss #elemtech @edtechteacher21,@SimplySuzy beautiful thoughts on @FourthGraders and #PARCC http://fb.me/7aylCt6YI . Share with fellow Ts & Ss #elemtech @edtechteacher21,3104,1,NA,NA,NA,NA,NA,NA,NA,NA,NA,NA
25,#CO parent: Don_ÔøΩÔøΩt _ÔøΩÔøΩopt out_ÔøΩÔøΩ of transparency in our schools http://bit.ly/1boSZ5LÔøΩ_ via @edu_post #PARCC #edcolo,#CO parent: Don’t ‘opt out’ of transparency in our schools http://bit.ly/1boSZ5L  via @edu_post #PARCC #edcolo,3847,1,NA,NA,NA,NA,NA,NA,NA,NA,NA,NA
28,#Massachusetts #teachers & leaders voice support for #PARCC @FutureReadyMA http://www.mbae.org/parcc-test-fairness-and-security/ÔøΩ__ÔøΩ_ @teachplusMA @MassStand @NBPublicSchools,#Massachusetts #teachers & leaders voice support for #PARCC @FutureReadyMA http://www.mbae.org/parcc-test-fairness-and-security/ … @teachplusMA @MassStand @NBPublicSchools,3332,1,NA,NA,NA,NA,NA,NA,NA,NA,NA,NA
30,#NJ's #communitycolleges strongly back #PARCC school testing. Say many students arrive unprepared. Via @AdelyReporter http://www.northjersey.com/news/community-college-presidents-will-use-controversial-parcc-tests-for-student-placement-1.1294635ÔøΩ__ÔøΩ_,#NJ's #communitycolleges strongly back #PARCC school testing. Say many students arrive unprepared. Via @AdelyReporter http://www.northjersey.com/news/community-college-presidents-will-use-controversial-parcc-tests-for-student-placement-1.1294635 …,3270,1,NA,NA,NA,NA,NA,NA,NA,NA,NA,NA
31,"#OptOut movement"" is media-driven controversy. 99% of kids in Louisiana taking the test: http://www.whlt.com/story/28529928/students-taking-common-core-standardized-tests-this-weekÔøΩ__ÔøΩ_ #FactsMatter""","#OptOut movement"" is media-driven controversy. 99% of kids in Louisiana taking the test: http://www.whlt.com/story/28529928/students-taking-common-core-standardized-tests-this-week … #FactsMatter""",8453,1,NA,NA,NA,NA,NA,NA,NA,NA,NA,NA
32,#PARCC & #SBAC aren't yet ideal but place more focus on math reasoning & finding evidence in ELA @hechingerreport http://hechingerreport.org/what-this-springs-common-core-tests-promised-and-what-they-will-actually-deliver/ÔøΩ__ÔøΩ_,#PARCC & #SBAC aren't yet ideal but place more focus on math reasoning & finding evidence in ELA @hechingerreport http://hechingerreport.org/what-this-springs-common-core-tests-promised-and-what-they-will-actually-deliver/ …,3521,1,NA,NA,NA,NA,NA,NA,NA,NA,NA,NA
52,79% of teachers say PARCC trumps old tests website reports http://s.nola.com/mZ91JuHÔøΩ_ via @nolanews #PARCC #CCSS #assessment,79% of teachers say PARCC trumps old tests website reports http://s.nola.com/mZ91JuH  via @nolanews #PARCC #CCSS #assessment,3492,1,NA,NA,NA,NA,NA,NA,NA,NA,NA,NA
53,79% of teachers surveyed by @teachplus believe #PARCC better than their state's current assessment. #CCSS #edreform http://teachplus.org/news-events/publications/1000-teachers-examine-parcc-perspectives-quality-new-assessmentsÔøΩ__ÔøΩ_,79% of teachers surveyed by @teachplus believe #PARCC better than their state's current assessment. #CCSS #edreform http://teachplus.org/news-events/publications/1000-teachers-examine-parcc-perspectives-quality-new-assessments …,13938,1,NA,NA,NA,NA,NA,NA,NA,NA,NA,NA
61,Another great post by @lynnellmick on the opt-out-of-testing movement who's behind it & why we shouldn't buy into it http://putkidsfirstmn.org/why-the-opt-out-movement-targets-affluent-white-parents/ÔøΩ__ÔøΩ_,Another great post by @lynnellmick on the opt-out-of-testing movement who's behind it & why we shouldn't buy into it http://putkidsfirstmn.org/why-the-opt-out-movement-targets-affluent-white-parents/ …,3380,1,NA,NA,NA,NA,NA,NA,NA,NA,NA,NA
63,Are #parcc items making better #assessment? #education #edtech #ccss #commoncore http://www.assess.com/parcc-part-ab-items-provide-bad-data/ÔøΩ__ÔøΩ_,Are #parcc items making better #assessment? #education #edtech #ccss #commoncore http://www.assess.com/parcc-part-ab-items-provide-bad-data/ …,44,1,NA,NA,NA,NA,NA,NA,NA,NA,NA,NA
67,Better tests+better information+better instruction=more learning. #SmarterAssessments #SBAC http://www.sacbee.com/opinion/op-ed/soapbox/article12911246.html#storylink=cpyÔøΩ__ÔøΩ_,Better tests+better information+better instruction=more learning. #SmarterAssessments #SBAC http://www.sacbee.com/opinion/op-ed/soapbox/article12911246.html#storylink=cpy …,16140,1,NA,NA,NA,NA,NA,NA,NA,NA,NA,NA
69,Check out these tips for keeping your cool in #assessment time! Keep Calm and Proctor On: http://blog.edcite.com/2015/03/19/keep-calm-and-proctor-on-10-ways-to-keep-calm-during-assessment-season/ÔøΩ__ÔøΩ_ _ÔøΩ_ _ÔøΩ_ #sunchat #edchat #PARCC,Check out these tips for keeping your cool in #assessment time! Keep Calm and Proctor On: http://blog.edcite.com/2015/03/19/keep-calm-and-proctor-on-10-ways-to-keep-calm-during-assessment-season/ … … … #sunchat #edchat #PARCC,4432,1,NA,NA,NA,NA,NA,NA,NA,NA,NA,NA
72,Chicago Teacher: I Support High-Quality Assessments Like #PARCC http://educationpost.org/chicago-teacher-support-high-quality-assessments-like-parcc/#.VP8_9RrwFJ0.twitterÔøΩ__ÔøΩ_ via @edu_post @teachplusCHI #teachervoice #edreform,Chicago Teacher: I Support High-Quality Assessments Like #PARCC #teachervoice #edchat #ccss #commoncore http://sco.lt/5yy9I1,15466,1,NA,NA,NA,NA,NA,NA,NA,NA,NA,NA
73,Children shouldn't be used 2make a political statement. No one wins with #optout http://digital.olivesoftware.com/Olive/ODE/APress/LandingPage/LandingPage.aspx?href=QW1QLzIwMTUvMDMvMjI.&pageno=MTA.&entity=QXIwMTAwMg..&view=ZW50aXR5ÔøΩ__ÔøΩ_ #parcc @LouisianaStand #LaEd #LAlege,Children shouldn't be used 2make a political statement. No one wins with #optout http://digital.olivesoftware.com/Olive/ODE/APress/LandingPage/LandingPage.aspx?href=QW1QLzIwMTUvMDMvMjI.&pageno=MTA.&entity=QXIwMTAwMg..&view=ZW50aXR5 … #parcc @LouisianaStand #LaEd #LAlege,4328,1,NA,NA,NA,NA,NA,NA,NA,NA,NA,NA
74,Click to see why we should put that #OptOut energy into fixing real problems in education: http://educationpost.org/opting-out-is-not-progressive/?utm_source=twitter&utm_medium=social&utm_campaign=Acct&utm_content=TwAcctOptoutChicagoGw4 ‚Ä¶ @theschoolpr,Click to see why we should put that #OptOut energy into fixing real problems in education: http://educationpost.org/opting-out-is-not-progressive/?utm_source=twitter&utm_medium=social&utm_campaign=Acct&utm_content=TwAcctOptoutChicagoGw4 … @theschoolpr,50015,1,NA,NA,NA,NA,NA,NA,NA,NA,NA,NA
75,Click to see why we should put that #OptOut energy into fixing real problems in education: http://educationpost.org/opting-out-is-not-progressive/?utm_source=twitter&utm_medium=social&utm_campaign=Acct&utm_content=TwAcctOptoutChicagoGw4ÔøΩ__ÔøΩ_ @theschoolpr,Click to see why we should put that #OptOut energy into fixing real problems in education: http://educationpost.org/opting-out-is-not-progressive/?utm_source=twitter&utm_medium=social&utm_campaign=Acct&utm_content=TwAcctOptoutChicagoGw4 … @theschoolpr,175,1,NA,NA,NA,NA,NA,NA,NA,NA,NA,NA
77,CT parent on why #SBAC #education testing is an opportunity http://conta.cc/1Bg89k1ÔøΩ_ via @CTedreform #PARCCready,CT parent on why #SBAC #education testing is an opportunity http://conta.cc/1Bg89k1  via @CTedreform #PARCCready,3410,1,NA,NA,NA,NA,NA,NA,NA,NA,NA,NA
80,Did You Know: 67% of #MA T_ÔøΩÔøΩs believe #PARCC measures critical thinking skills effectively http://bit.ly/1Iq73ahÔøΩ_pic.twitter.com/km4isGWFMm,Did You Know: 67% of #MA T’s believe #PARCC measures critical thinking skills effectively http://bit.ly/1Iq73ah pic.twitter.com/km4isGWFMm,3256,1,NA,NA,NA,NA,NA,NA,NA,NA,NA,NA
87,Enough. Let's dial down #PARCC victimhood for a broader public purpose. Struggling schools need this transparency. http://www.nj.com/opinion/index.ssf/2015/03/parcc_victimhood_and_why_its_overblown_editorial.htmlÔøΩ__ÔøΩ_,Enough. Let's dial down #PARCC victimhood for a broader public purpose. Struggling schools need this transparency. http://www.nj.com/opinion/index.ssf/2015/03/parcc_victimhood_and_why_its_overblown_editorial.html …,4104,1,NA,NA,NA,NA,NA,NA,NA,NA,NA,NA
98,GM #Day2_ÔøΩ #PARCC Testing for the Kids #EatAGoodBreakfast https://instagram.com/p/0VOh4vFbKB/,GM #Day2_ #PARCC Testing for the Kids #EatAGoodBreakfast https://instagram.com/p/0VOh4vFbKB/,8364,1,NA,NA,NA,NA,NA,NA,NA,NA,NA,NA
99,Good luck on #parcc,tweet no longer available from user,4162,1,NA,NA,NA,NA,NA,NA,NA,NA,NA,NA
102,Good luck to all our Third Graders taking the #PARCC today. #SouthOrange teachers do a phenomenal job.,tweet no longer available from user,8504,1,NA,NA,NA,NA,NA,NA,NA,NA,NA,NA
105,Guest Commentary: Reject legislation to opt out on testing. @denverpost Op-Ed piece #edcolo #edchat http://www.denverpost.com/opinion/ci_27798473/guest-commentary-reject-legislation-opt-out-testing ‚Ä¶,Guest Commentary: Reject legislation to opt out on testing. @denverpost Op-Ed piece #edcolo #edchat http://www.denverpost.com/opinion/ci_27798473/guest-commentary-reject-legislation-opt-out-testing …,50019,1,NA,NA,NA,NA,NA,NA,NA,NA,NA,NA
109,Here's the #PARCC schedule for the week of March 23 at #MarlboroHSinNJ http://www.frhsd.com/district/index.php?q=node/5829ÔøΩ__ÔøΩ_ @StangGang_MHS @MHSscoreupdates,Here's the #PARCC schedule for the week of March 23 at #MarlboroHSinNJ http://www.frhsd.com/district/index.php?q=node/5829 … @StangGang_MHS @MHSscoreupdates,4318,1,NA,NA,NA,NA,NA,NA,NA,NA,NA,NA
110,Here's today's revised schedule! Congratulations on finishing your first day of #PARCC!!_ÔøΩ_ https://instagram.com/p/0Vd4rITLHi/,Here's today's revised schedule! Congratulations on finishing your first day of #PARCC!!… https://instagram.com/p/0Vd4rITLHi/,8184,1,NA,NA,NA,NA,NA,NA,NA,NA,NA,NA
116,"I wonder what the #'s are. RT ‚Äú @StudentSuccess: Opting out of tests is a ‚Äúmistake‚Äù writes @timesunion: http://bit.ly/1MtIPBI  #optout""","I wonder what the #'s are. RT “ @StudentSuccess: Opting out of tests is a “mistake” writes @timesunion: http://bit.ly/1MtIPBI  #optout""",50022,1,NA,NA,NA,NA,NA,NA,NA,NA,NA,NA
119,If we #OptOut of tests what's next? Braces? Lice checks? http://educationpost.org/school-choice-is-my-kids-path-to-the-american-dream/?utm_source=twitter&utm_medium=social&utm_campaign=Acct&utm_content=TwAcctRipleyTweetMT2ÔøΩ__ÔøΩ_,If we #OptOut of tests what's next? Braces? Lice checks? http://educationpost.org/school-choice-is-my-kids-path-to-the-american-dream/?utm_source=twitter&utm_medium=social&utm_campaign=Acct&utm_content=TwAcctRipleyTweetMT2 …,3591,1,NA,NA,NA,NA,NA,NA,NA,NA,NA,NA
120,Implementing #PARCC will be hard but worth it writes @CoaHCPS's Karen Levin http://commonwealthmagazine.org/education/parcc-will-work/ÔøΩ__ÔøΩ_,Implementing #PARCC will be hard but worth it writes @CoaHCPS's Karen Levin http://commonwealthmagazine.org/education/parcc-will-work/ …,3002,1,NA,NA,NA,NA,NA,NA,NA,NA,NA,NA
123,In My Opinion This Is Best Resource About Lesson Planning for Parcc #lesson #planning ###parcc http://stuffspec.com/publicfiles/Lesson_Planning_For_Parcc.htmlÔøΩ__ÔøΩ_,In My Opinion This Is Best Resource About Lesson Planning for Parcc #lesson #planning ###parcc http://stuffspec.com/publicfiles/Lesson_Planning_For_Parcc.html …,3139,1,NA,NA,NA,NA,NA,NA,NA,NA,NA,NA
131,More non-educators with their heads up their asses‚Ä¶ Testing opt-out a mistake http://blog.timesunion.com/opinion/testing-opt-out-a-mistake/32104/ ‚Ä¶ #pearson #parcc,More non-educators with their heads up their asses… Testing opt-out a mistake http://blog.timesunion.com/opinion/testing-opt-out-a-mistake/32104/ … #pearson #parcc,50030,1,NA,NA,NA,NA,NA,NA,NA,NA,NA,NA
132,Most teachers surveyed think #PARCC will be better than previous assessments: http://hechingerreport.org/can-new-tests-quell-teacher-anger-common-core/ÔøΩ__ÔøΩ_,Most teachers surveyed think #PARCC will be better than previous assessments: http://hechingerreport.org/can-new-tests-quell-teacher-anger-common-core/ …,3258,1,NA,NA,NA,NA,NA,NA,NA,NA,NA,NA
137,New Jersey's 19 community colleges to use #PARCC as an indicator of college readiness http://www.pressofatlanticcity.com/education/community-colleges-to-use-parcc-for-placement/article_a322c956-d1a3-11e4-91c1-17cfe0e84bd2.html?mode=jqmÔøΩ__ÔøΩ_,New Jersey's 19 community colleges to use #PARCC as an indicator of college readiness http://www.pressofatlanticcity.com/education/community-colleges-to-use-parcc-for-placement/article_a322c956-d1a3-11e4-91c1-17cfe0e84bd2.html?mode=jqm …,3843,1,NA,NA,NA,NA,NA,NA,NA,NA,NA,NA
139,New research: When teachers try #PARCC they like what they see. @teachplus @PARCCPlace http://www.teachplus.org/sites/default/files/publication/pdf/1000_teachers_examine_parcc.pdfÔøΩ__ÔøΩ_,New research: When teachers try #PARCC they like what they see. @teachplus @PARCCPlace http://www.teachplus.org/sites/default/files/publication/pdf/1000_teachers_examine_parcc.pdf …,3448,1,NA,NA,NA,NA,NA,NA,NA,NA,NA,NA
141,Not all assessments are created equal but #PARCC is a good one says this teacher: http://educationpost.org/chicago-teacher-support-high-quality-assessments-like-parcc/?utm_source=twitter&utm_medium=social&utm_campaign=Choice&utm_content=TwChoiceChicagoTeach2ÔøΩ__ÔøΩ_ @PARCCPlace,Not all assessments are created equal but #PARCC is a good one says this teacher: http://educationpost.org/chicago-teacher-support-high-quality-assessments-like-parcc/?utm_source=twitter&utm_medium=social&utm_campaign=Choice&utm_content=TwChoiceChicagoTeach2 … @PARCCPlace,17255,1,NA,NA,NA,NA,NA,NA,NA,NA,NA,NA
142,On #PARCC Breathe deeply. It's only a test maybe a better one. http://www.metrowestdailynews.com/article/20150329/OPINION/150326235/2012/OPINIONÔøΩ__ÔøΩ_,On #PARCC Breathe deeply. It's only a test maybe a better one. http://www.metrowestdailynews.com/article/20150329/OPINION/150326235/2012/OPINION …,1295,1,NA,NA,NA,NA,NA,NA,NA,NA,NA,NA
143,Opinion - Guest Commentary: Reject legislation to opt out on testing http://www.denverpost.com/opinion/ci_27798473/guest-commentary-reject-legislation-opt-out-testingÔøΩ__ÔøΩ_,Opinion - Guest Commentary: Reject legislation to opt out on testing http://www.denverpost.com/opinion/ci_27798473/guest-commentary-reject-legislation-opt-out-testing …,1264,1,NA,NA,NA,NA,NA,NA,NA,NA,NA,NA
146,Our experts' advice to calm nerves and improve test performance http://eepurl.com/bfBPGf #PARCC #anxietyÁøæ,Our experts' advice to calm nerves and improve test performance http://eepurl.com/bfBPGf #PARCC #anxiety,22747,1,NA,NA,NA,NA,NA,NA,NA,NA,NA,NA
151,Parents Should Welcome New #CommonCore #Tests http://thebea.st/1MWimJMÔøΩ_ via @thedailybeast Finally a reasonable comment. Great points #PARCC,Parents Should Welcome New #CommonCore #Tests http://thebea.st/1MWimJM  via @thedailybeast Finally a reasonable comment. Great points #PARCC,3895,1,NA,NA,NA,NA,NA,NA,NA,NA,NA,NA
152,"Parents Should Welcome the New Common Core Tests - The Daily Beast Would you opt out of their yearly check-up?"" http://www.thedailybeast.com/articles/2015/03/22/parents-should-welcome-the-new-common-core-tests.htmlÔøΩ__ÔøΩ_""","Parents Should Welcome the New Common Core Tests - The Daily Beast Would you opt out of their yearly check-up?"" http://www.thedailybeast.com/articles/2015/03/22/parents-should-welcome-the-new-common-core-tests.html …""",3757,1,NA,NA,NA,NA,NA,NA,NA,NA,NA,NA
155,Parents: Have ?s about the #PARCC test we're taking next week? Check out these helpful answers at http://www.parcconline.org/frequently-asked-questionsÔøΩ__ÔøΩ_,Parents: Have ?s about the #PARCC test we're taking next week? Check out these helpful answers at http://www.parcconline.org/frequently-asked-questions …,3061,1,NA,NA,NA,NA,NA,NA,NA,NA,NA,NA
156,Policy Fellows new report from 351 teachers/74 districts in MA call for adoption of #PARCC: http://bit.ly/1xygbsxÔøΩ_pic.twitter.com/8suNuKwQGl,Policy Fellows new report from 351 teachers/74 districts in MA call for adoption of #PARCC: http://bit.ly/1xygbsx pic.twitter.com/8suNuKwQGl,3059,1,NA,NA,NA,NA,NA,NA,NA,NA,NA,NA
159,Read why these 2 teachers believe fellow educators need to take the #OptOut rhetoric out of the classroom: http://educationpost.org/standardized-testing-kid-tested-mother-approved/?utm_source=twitter&utm_medium=social&utm_campaign=Acct&utm_content=TwAcctMotherApprovedEsHk7ÔøΩ__ÔøΩ_,Read why these 2 teachers believe fellow educators need to take the #OptOut rhetoric out of the classroom: http://educationpost.org/standardized-testing-kid-tested-mother-approved/?utm_source=twitter&utm_medium=social&utm_campaign=Acct&utm_content=TwAcctMotherApprovedEsHk7 …,3039,1,NA,NA,NA,NA,NA,NA,NA,NA,NA,NA
160,Reference: Parcc Rubric Backed by Science #parcc #rubric http://stuffspec.com/publicfiles/Parcc_Rubric.htmlÔøΩ__ÔøΩ_,Reference: Parcc Rubric Backed by Science #parcc #rubric http://stuffspec.com/publicfiles/Parcc_Rubric.html …,4154,1,NA,NA,NA,NA,NA,NA,NA,NA,NA,NA
163,Remember when @amandaripley asked what else we could #OptOut of? ICYMI: http://educationpost.org/lets-not-teach-our-kids-to-opt-out/?utm_source=twitter&utm_medium=social&utm_campaign=Acct&utm_content=TwAcctoptoutMT1ÔøΩ__ÔøΩ_,Remember when @amandaripley asked what else we could #OptOut of? ICYMI: http://educationpost.org/lets-not-teach-our-kids-to-opt-out/?utm_source=twitter&utm_medium=social&utm_campaign=Acct&utm_content=TwAcctoptoutMT1 …,3154,1,NA,NA,NA,NA,NA,NA,NA,NA,NA,NA
165,RT @MBAENews: What #CCSS Tests Promised & Will Actually Deliver. Problems but also progress. http://hechingerreport.org/what-this-springs-common-core-tests-promised-and-what-they-will-actually-deliver/ÔøΩ__ÔøΩ_ #PARCC #SBAC,RT @MBAENews: What #CCSS Tests Promised & Will Actually Deliver. Problems but also progress. http://hechingerreport.org/what-this-springs-common-core-tests-promised-and-what-they-will-actually-deliver/ … #PARCC #SBAC,3491,1,NA,NA,NA,NA,NA,NA,NA,NA,NA,NA
166,"RT @MBAENews: What #CCSS Tests Promised & Will Actually Deliver. Problems but also progress. http://hechingerreport.org/what-this-springs-common-core-tests-promised-and-what-they-will-actually-deliver/ … #PARCC #SBAC"" http://www.bellinghamherald.com/2015/03/29/4210209/our-voice-the-latest-standardized.html ‚Ä¶ #waedu #SBAC""",,50026,1,NA,NA,NA,NA,NA,NA,NA,NA,NA,NA
167,"RT @waOSPI: The latest standardized test has a lot going for it"" http://www.bellinghamherald.com/2015/03/29/4210209/our-voice-the-latest-standardized.htmlÔøΩ__ÔøΩ_ #waedu #SBAC""","RT @waOSPI: The latest standardized test has a lot going for it"" http://www.bellinghamherald.com/2015/03/29/4210209/our-voice-the-latest-standardized.html … #waedu #SBAC""",800,1,NA,NA,NA,NA,NA,NA,NA,NA,NA,NA
171,Shout out to #ALL the students of St. Helena Schools for #rocking the #PARCC on this week! #YouWillAchieveSuccess #IBelieveInYou ÔøΩ_ÔøΩ_ÔøΩ__ÔøΩÔøΩ__ÔøΩ,Shout out to #ALL the students of St. Helena Schools for #rocking the #PARCC on this week! #YouWillAchieveSuccess #IBelieveInYou ______,8410,1,NA,NA,NA,NA,NA,NA,NA,NA,NA,NA
180,"Supporting #OptOut of tests is telling [children] that we don_ÔøΩÔøΩt believe that they are up to the challenge."" http://mf.tt/s3nb1 #CCSS""","Supporting #OptOut of tests is telling [children] that we don’t believe that they are up to the challenge."" http://mf.tt/s3nb1 #CCSS""",3309,1,NA,NA,NA,NA,NA,NA,NA,NA,NA,NA
181,Survey shows most teachers think #PARCC tests are better but still have suggestions for improvements: http://hechingerreport.org/can-new-tests-quell-teacher-anger-common-core/ÔøΩ__ÔøΩ_,Survey shows most teachers think #PARCC tests are better but still have suggestions for improvements: http://hechingerreport.org/can-new-tests-quell-teacher-anger-common-core/ …,3358,1,NA,NA,NA,NA,NA,NA,NA,NA,NA,NA
185,Testing was created to address a real problem. Opting out is folly. We need measures of school success. http://www.mypalmbeachpost.com/news/news/opinion/editorial-opting-out-not-best-option-for-parents-s/nkgnY/?icmp=pbp_internallink_invitationbox_apr2013_pbpstubtomypbp_launch#b5c2a772.2631024.735687%23__federated=1 ‚Ä¶,Testing was created to address a real problem. Opting out is folly. We need measures of school success. http://www.mypalmbeachpost.com/news/news/opinion/editorial-opting-out-not-best-option-for-parents-s/nkgnY/?icmp=pbp_internallink_invitationbox_apr2013_pbpstubtomypbp_launch#b5c2a772.2631024.735687%23__federated=1 …,50031,1,NA,NA,NA,NA,NA,NA,NA,NA,NA,NA
189,The #PARCC test measures the critical thinking skills that students need_ÔøΩÔøΩsays this Chicago teacher: http://educationpost.org/chicago-teacher-support-high-quality-assessments-like-parcc/?utm_source=twitter&utm_medium=social&utm_campaign=Choice&utm_content=TwChoiceChicagoTeach7ÔøΩ__ÔøΩ_,The #PARCC test measures the critical thinking skills that students need—says this Chicago teacher: http://educationpost.org/chicago-teacher-support-high-quality-assessments-like-parcc/?utm_source=twitter&utm_medium=social&utm_campaign=Choice&utm_content=TwChoiceChicagoTeach7 …,16716,1,NA,NA,NA,NA,NA,NA,NA,NA,NA,NA
192,The hysteria about #PARCC needs to stop: http://www.nj.com/opinion/index.ssf/2015/03/parcc_victimhood_and_why_its_overblown_editorial.htmlÔøΩ__ÔøΩ_,The hysteria about #PARCC needs to stop: http://www.nj.com/opinion/index.ssf/2015/03/parcc_victimhood_and_why_its_overblown_editorial.html …,3206,1,NA,NA,NA,NA,NA,NA,NA,NA,NA,NA
193,"The latest standardized test has a lot going for it"" http://www.bellinghamherald.com/2015/03/29/4210209/our-voice-the-latest-standardized.html ‚Ä¶ #waedu #SBAC""","The latest standardized test has a lot going for it"" http://www.bellinghamherald.com/2015/03/29/4210209/our-voice-the-latest-standardized.html … #waedu #SBAC""",50028,1,NA,NA,NA,NA,NA,NA,NA,NA,NA,NA
198,There are some things we just can't #OptOut of and definitely one thing we shouldn't_ÔøΩÔøΩtesting: http://educationpost.org/school-choice-is-my-kids-path-to-the-american-dream/?utm_source=twitter&utm_medium=social&utm_campaign=Acct&utm_content=TwAcctRipleyTweetMT3ÔøΩ__ÔøΩ_,There are some things we just can't #OptOut of and definitely one thing we shouldn't—testing: http://educationpost.org/school-choice-is-my-kids-path-to-the-american-dream/?utm_source=twitter&utm_medium=social&utm_campaign=Acct&utm_content=TwAcctRipleyTweetMT3 …,3488,1,NA,NA,NA,NA,NA,NA,NA,NA,NA,NA
200,This Chicago teacher says giving the #PARCC test is the right decision: http://educationpost.org/chicago-teacher-support-high-quality-assessments-like-parcc/?utm_source=twitter&utm_medium=social&utm_campaign=Choice&utm_content=TwChoiceChicagoTeach1ÔøΩ__ÔøΩ_ @TeachPlus,This Chicago teacher says giving the #PARCC test is the right decision: http://educationpost.org/chicago-teacher-support-high-quality-assessments-like-parcc/?utm_source=twitter&utm_medium=social&utm_campaign=Choice&utm_content=TwChoiceChicagoTeach1 … @TeachPlus,17433,1,NA,NA,NA,NA,NA,NA,NA,NA,NA,NA
201,This Chicago teacher will be using #PARCC as a learning opportunity: http://educationpost.org/chicago-teacher-support-high-quality-assessments-like-parcc/?utm_source=twitter&utm_medium=social&utm_campaign=Choice&utm_content=TwChoiceChicagoTeach5ÔøΩ__ÔøΩ_ @lmcgslover,This Chicago teacher will be using #PARCC as a learning opportunity: http://educationpost.org/chicago-teacher-support-high-quality-assessments-like-parcc/?utm_source=twitter&utm_medium=social&utm_campaign=Choice&utm_content=TwChoiceChicagoTeach5 … @lmcgslover,16793,1,NA,NA,NA,NA,NA,NA,NA,NA,NA,NA
202,Tisch: #optout is a _ÔøΩÔøΩterrible mistake._—ù http://ny.chalkbeat.org/2015/03/16/merryl-tisch-opting-out-of-the-state-exams-is-a-terrible-mistake/%23.VQc8TUb3aEdÔøΩ__ÔøΩ_ #ThingsMerrylSays #protectourschools,Tisch: #optout is a “terrible mistake.” http://ny.chalkbeat.org/2015/03/16/merryl-tisch-opting-out-of-the-state-exams-is-a-terrible-mistake/%23.VQc8TUb3aEd … #ThingsMerrylSays,9004,1,NA,NA,NA,NA,NA,NA,NA,NA,NA,NA
206,Totally ridiculous: Father opts out kindergartener daughter from the #DIBELS test_ÔøΩ_ http://pcook.me/16BJb #edreform,Totally ridiculous: Father opts out kindergartener daughter from the #DIBELS test… http://pcook.me/16BJb #edreform,3411,1,NA,NA,NA,NA,NA,NA,NA,NA,NA,NA
207,Two moms who are also teachers reflect on why kids should not opt out of testing http://educationpost.org/standardized-testing-kid-tested-mother-approved/#.VRGOtkKxFAKÔøΩ__ÔøΩ_ @hkragthorpe #howareourkidsdoing,Two moms who are also teachers reflect on why kids should not opt out of testing http://educationpost.org/standardized-testing-kid-tested-mother-approved/#.VRGOtkKxFAK … @hkragthorpe #howareourkidsdoing,3459,1,NA,NA,NA,NA,NA,NA,NA,NA,NA,NA
211,We shouldn't teach our kids to #OptOut: http://educationpost.org/school-choice-is-my-kids-path-to-the-american-dream/?utm_source=twitter&utm_medium=social&utm_campaign=Acct&utm_content=TwAcctRipleyTweetMT1ÔøΩ__ÔøΩ_ @MikeThomasTweet,We shouldn't teach our kids to #OptOut: http://educationpost.org/school-choice-is-my-kids-path-to-the-american-dream/?utm_source=twitter&utm_medium=social&utm_campaign=Acct&utm_content=TwAcctRipleyTweetMT1 … @MikeThomasTweet,3869,1,NA,NA,NA,NA,NA,NA,NA,NA,NA,NA
212,We_ÔøΩÔøΩre sending thoughts of perseverance & excellence to our 3rd grade scholars who start their #PARCC testing today!,We’re sending thoughts of perseverance & excellence to our 3rd grade scholars who start their #PARCC testing today!,8370,1,NA,NA,NA,NA,NA,NA,NA,NA,NA,NA
214,What matters about standardized tests is whether they help struggling kids and schools get better http://www.metrowestdailynews.com/article/20150329/OPINION/150326235/2012/OPINIONÔøΩ__ÔøΩ_ #PARCC,What matters about standardized tests is whether they help struggling kids and schools get better http://www.metrowestdailynews.com/article/20150329/OPINION/150326235/2012/OPINION … #PARCC,1280,1,NA,NA,NA,NA,NA,NA,NA,NA,NA,NA
219,Why parents should support #PARCC and #SBAC @HopeStreetGroup @codepted http://www.thedailybeast.com/articles/2015/03/22/parents-should-welcome-the-new-common-core-tests.htmlÔøΩ__ÔøΩ_,Why parents should support #PARCC and #SBAC @HopeStreetGroup @codepted http://www.thedailybeast.com/articles/2015/03/22/parents-should-welcome-the-new-common-core-tests.html …,4048,1,NA,NA,NA,NA,NA,NA,NA,NA,NA,NA
220,You'll already have taken the #PARCC this morning when you see this but here's a combo_ÔøΩ_ https://instagram.com/p/0VIPV-TLDr/,You'll already have taken the #PARCC this morning when you see this but here's a combo… https://instagram.com/p/0VIPV-TLDr/,8423,1,NA,NA,NA,NA,NA,NA,NA,NA,NA,NA
126,Its so ironic the people suggesting to opt out of NYS testing are the tenured teachers who can't get fired and are never tested again.,,46,1,mwolff3,3/31/15,0,0,,,,5.83E+17,https://twitter.com/mwolff3/status/583085312362020864,
113,How Should Learning Be Assessed? | MindShift http://ow.ly/Kq78F #PARCC #LEYDENPLN,,8158,1,MStoraasli,3/17/15,0,0,,,#PARCC #LEYDENPLN,5.78E+17,https://twitter.com/MStoraasli/status/577874598814990337,
42,3 weeks until #PARCC! Time to strengthen our problem solving skills and practice persevering! #PARCCready,,10260,1,MsFrascella,3/15/15,0,0,,,#PARCC #PARCCready,5.77E+17,https://twitter.com/MsFrascella/status/577268577356640256,
103,Goodnight and good luck to my students tomorrow on the ELA #PARCC Exam! #CommonCore #GoGrade8,,50007,1,MsFrascella,3/30/15,0,1,,,#PARCC #CommonCore #GoGrade8,5.83E+17,https://twitter.com/MsFrascella/status/582716244891201536,
197,The view from my 3rd floor office @BaltCitySchools at night is pretty awesome! I hope my 85K babies sleep well and finish #PARCC strong,,4258,1,ms_education,3/22/15,0,0,,@BaltCitySchools,#PARCC,5.80E+17,https://twitter.com/ms_education/status/579807850073051136,
127,Knocking it out of the #PARCC! #d75learns #d75pridepic.twitter.com/YfSMI6tgDr,,8253,1,MrsWallace202,3/17/15,1,1,,,#PARCC #d75learns #d75pridepic,5.78E+17,https://twitter.com/MrsWallace202/status/577857667776937984,
150,PARCC testing is going surprising well for our students I believe in them! #PARCC #wegotthis @edchat,,3095,1,MrsTATierney,3/25/15,0,0,,@edchat,#PARCC #wegotthis,5.81E+17,https://twitter.com/MrsTATierney/status/580675175542190080,
158,Proud of your hard work on the #PARCC today. Two days to go for #ELA. Use those strategies watch the time & show them what you can do!,,50002,1,MrSpencerELA,3/31/15,0,0,,,#PARCC #ELA,5.83E+17,https://twitter.com/MrSpencerELA/status/582999732051546112,
162,Remember to go to bed early and bring a reading book to #PARCC testing tomorrow! pic.twitter.com/lYBJhUnx2M,,50012,1,MrsFicociello,3/30/15,1,0,,,#PARCC,5.83E+17,https://twitter.com/MrsFicociello/status/582542722143252480,
210,We can do this! #beamazing #PARCC,,50005,1,Mrs_Stats,3/31/15,0,0,,,#beamazing #PARCC,5.83E+17,https://twitter.com/Mrs_Stats/status/582887273248792576,
140,No #PARCC fuss from these #AwesomeStudents! We're going to rock this not so difficult test... It doesn't hurt that we don't have homework!,,50010,1,mrs_kbrown,3/30/15,1,1,,,#PARCC #AwesomeStudents,5.83E+17,https://twitter.com/mrs_kbrown/status/582600960998006784,
144,Our #AwesomeStudents did a great job with #PARCC day 1. Many used #WWC to answer their essay question @NRMSchool @pcdaly,,50001,1,mrs_kbrown,3/31/15,2,3,,@NRMSchool @pcdaly,#AwesomeStudents #PARCC #WWC,5.83E+17,https://twitter.com/mrs_kbrown/status/583014872818049024,
157,Proud of the @FHSClass_2018 for facing day 1 of #PARCC with the maturity patience and positive attitude we expected of you. #ClassActs,,8936,1,MrDubuque,3/16/15,1,6,,@FHSClass_2018,#PARCC #ClassActs,5.78E+17,https://twitter.com/MrDubuque/status/577613712430919681,
187,Thanks to tests like #PARCC kids will get a glimpse of testing beyond the post-secondary exp. #GRE #LSAT to achieve their future goals,,10791,1,MrBolding,3/15/15,1,2,,,#PARCC #GRE #LSAT,5.77E+17,https://twitter.com/MrBolding/status/577153405388398592,
108,Healthy breakfast cookies for my smart cookies‚Ä¶first day of #PARCC here we go! @Bridge Boston‚Ä¶ https://instagram.com/p/0447knO6ha/,,50006,1,MolliKAllen,3/31/15,0,0,,@Bridge,#PARCC,5.83E+17,https://twitter.com/MolliKAllen/status/582853460187488258,
66,Berwyn round 2 of PARCC ..this time will be MATH wish us well! @BerwynSouth100 @HeritageD100 #PARCC #Math #WeGotThis,,8412,1,MisterDillon1,3/17/15,0,0,,@BerwynSouth100 @HeritageD100,#PARCC #Math #WeGotThis,5.78E+17,https://twitter.com/MisterDillon1/status/577822880748199936,
41,#thirdgrade crushed their first day of #PARCC! First testing experience in the books!,,228,1,missjuengst,3/31/15,0,1,,,#thirdgrade #PARCC,5.83E+17,https://twitter.com/missjuengst/status/582998538314870785,
88,First day of #PARCC testing done today. Very proud of our sixth graders and their willingness to take on this new challenge!!!,,50003,1,MissBrownBBCPS,3/31/15,0,1,,,#PARCC,5.83E+17,https://twitter.com/MissBrownBBCPS/status/582998228414509057,
135,Nationwide over 6 million students have completed the #PARCC PBA test. In MD that number's up to 551316! #PARCCreadypic.twitter.com/Vy7dtbwPiH,,3903,1,MdPublicSchools,3/23/15,1,0,,,#PARCC #PARCCreadypic,5.80E+17,https://twitter.com/MdPublicSchools/status/580114300271919104,
64,"As Dad @JonahEdelman @Stand4Children welcomes #SBAC & #PARCC tests; tells kids do your best"" http://thebea.st/1MWimJM @thedailybeast""",,3245,1,MBAENews,3/24/15,2,0,,@JonahEdelman @Stand4Children @thedailybeast,#SBAC #PARCC,5.81E+17,https://twitter.com/MBAENews/status/580501752342007808,
23,@teachplus report. MA teachers recommend #PARCC. 67% say it is strong measure of critical thinking. Call for more PD http://bit.ly/1xygbsx,,3016,1,MatthewAKraft,3/25/15,0,0,,@teachplus,#PARCC,5.81E+17,https://twitter.com/MatthewAKraft/status/580738674578444288,
118,I'm looking forward to #PARCC to see how my students manage against rigorous standards and questions vis a vis students around the nation.,,10399,1,mathteacherjedi,3/15/15,0,0,,,#PARCC,5.77E+17,https://twitter.com/mathteacherjedi/status/577246979530616833,
68,Check out the new @teachplusMA report that was released this morning. MA teachers think highly of #PARCC http://bit.ly/1Iq73ah,,3378,1,MassStand,3/24/15,2,1,,@teachplusMA,#PARCC,5.80E+17,https://twitter.com/MassStand/status/580441019025530880,
136,New @teachplusMA report shows 72% of surveyed MA teachers think #PARCC is a better test than MCAS http://bit.ly/1Iq73ah,,3502,1,MassStand,3/24/15,0,2,,@teachplusMA,#PARCC,5.80E+17,https://twitter.com/MassStand/status/580388652695470080,
60,And what the hell is with this opting out stuff? When I was in school they told you a test was coming and YOU TOOK IT.,,3596,1,MASantangelo,3/24/15,0,0,,,,5.80E+17,https://twitter.com/MASantangelo/status/580341376799404033,
173,So proud of our @curleyk8 students who crushed their first day of the #PARCC! #curleycares,,3889,1,MariaPloessl,3/23/15,0,2,,@curleyk8,#PARCC #curleycares,5.80E+17,https://twitter.com/MariaPloessl/status/580125047320379392,
196,The sun's up & it's another day in #commoncore land! Morning #PARCC #SBAC #Pearson,,8301,1,manateespirit,3/17/15,3,0,,,#commoncore #PARCC #SBAC #Pearson,5.78E+17,https://twitter.com/manateespirit/status/577846413683339264,
107,Happy to oppose overtesting endless test prep and getting rid of art music or gym. But opting out is BS. Read http://strib.mn/1xXs9GP,,3519,1,lynnellmick,3/24/15,0,0,,,,5.80E+17,https://twitter.com/lynnellmick/status/580379121743732737,
190,The #pearsoniswatching folks are so cute. Google Facebook Apple and the NSA know your kids way better than you or Pearson ever will.,,8480,1,Kwarizmi,3/17/15,0,1,,,#pearsoniswatching,5.78E+17,https://twitter.com/Kwarizmi/status/577807520682541056,
82,"Do standardized tests help catch the weakest among us"" as one audience member claims? #TheSchoolProject #TestingSeason #PARCC""",,134,1,KindlingGroup,3/31/15,0,0,,,#TheSchoolProject #TestingSeason #PARCC,5.83E+17,https://twitter.com/KindlingGroup/status/583044509061115905,
83,Does testing help narrow the achievement gap by giving us data to track performance? #PARCC #TestingSeason @theschoolpr,,167,1,KindlingGroup,3/31/15,0,0,,@theschoolpr,#PARCC #TestingSeason,5.83E+17,https://twitter.com/KindlingGroup/status/583035118773637120,
111,How do we know how students are doing if we don't test them? #PARCC #TestingSeason @theschoolpr,,168,1,KindlingGroup,3/31/15,0,0,,@theschoolpr,#PARCC #TestingSeason,5.83E+17,https://twitter.com/KindlingGroup/status/583034957792026625,
183,Tech Department PCIS and PSMS Staff did an awesome job this week in working together for a successful week of #PARCC testing. #Plymouth,,1524,1,jzcolby,3/28/15,2,2,,,#PARCC #Plymouth,5.82E+17,https://twitter.com/jzcolby/status/581824433742077952,
15,@Okaikor @xianb8 @dannywoo15 @NancyOsborne180 @ChrisTienken Not defendng #parcc. Haven't looked at it. But standardizd tests can b diagnostc,,10450,1,jwalkup,3/15/15,0,0,,@Okaikor @xianb8 @dannywoo15 @NancyOsborne180 @ChrisTienken,#parcc,5.77E+17,https://twitter.com/jwalkup/status/577238045486809088,
36,#PARCC victimhood and why it's overblown. @starledger editorial: http://bit.ly/1FtPB6f #nj,,4103,1,julieoconnorNJ,3/23/15,0,0,,@starledger,#PARCC #nj,5.80E+17,https://twitter.com/julieoconnorNJ/status/580001590016364544,
128,let's do this. #parcc,,3079,1,josie_sparkles,3/25/15,0,0,,,#parcc,5.81E+17,https://twitter.com/josie_sparkles/status/580695466565865472,
43,346 tested. Had 8 problems. iPads & wifi worked great! #PARCC #edtech #edutech @davidinark helped w the user issues & then the setup at HHS!,,8682,1,jmadlock,3/16/15,1,1,,@davidinark,#PARCC #edtech #edutech,5.78E+17,https://twitter.com/jmadlock/status/577657551711399936,
44,346 tested. Had 8 problems. iPads and wifi worked great! #PARCC #edtech #edutech,,8684,1,jmadlock,3/16/15,0,0,,,#PARCC #edtech #edutech,5.78E+17,https://twitter.com/jmadlock/status/577657099066306560,
20,@RachelAnneLevy + I suspect there are some parallels between the mental models parents hold when opting a child out of a test and vaxs.,,4041,1,JennBinis,3/23/15,0,0,,@RachelAnneLevy,,5.80E+17,https://twitter.com/JennBinis/status/580034427981565952,
97,"Giving up on #PARCC now tells our children...their efforts did not matter."" Yes @salberti. A valuable lesson on the risks of blind faith.""",,10259,1,jdandrea,3/15/15,5,2,,@salberti,#PARCC,5.77E+17,https://twitter.com/jdandrea/status/577268816838799360,
50,72% surveyed teachers think #PARCC is better than MCAS @teachplusMA: MA Teachers Examine #PARCC: http://tinyurl.com/n8nrjku #assessments #MAEdu,,3442,1,JasonWilliamsMA,3/24/15,1,1,,@teachplusMA,#PARCC #PARCC #assessments #MAEdu,5.80E+17,https://twitter.com/JasonWilliamsMA/status/580410145345310720,
3,@BariErlichson they won't be able to evaluate properly based on the nonsense answers these kids are providing on #parcc,,3879,1,iLuvCalligraphy,3/23/15,2,0,,@BariErlichson,#parcc,5.80E+17,https://twitter.com/iLuvCalligraphy/status/580131349731909633,
130,"Mary Fergus says they should have done better job. No opt out provision in fed law. Won't support opt out b/c better test"" #TestingSeason""",,131,1,ILRaiseYourHand,3/31/15,2,1,,,#TestingSeason,5.83E+17,https://twitter.com/ILRaiseYourHand/status/583047505392209920,
8,@KellyORourke2 @teachplus @CommonCoreForum @stevenlmass I'm hearing kids like how #parcc makes them think. Sorry to disappoint,,50014,1,HolmesAndCo,3/31/15,0,0,,@KellyORourke2 @teachplus @CommonCoreForum @stevenlmass,#parcc,5.83E+17,https://twitter.com/HolmesAndCo/status/583081398401040384,
49,72% of Massachusetts participants say #PARCC is a higher quality assessment than incumbent #MCAS test: http://ow.ly/KSCS5,,1888,1,HelmsleyEDU,3/27/15,0,0,,,#PARCC #MCAS,5.81E+17,https://twitter.com/HelmsleyEDU/status/581457034115215360,
164,RT @MassStand: New @teachplusMA report shows 72% of surveyed MA teachers think #PARCC is a better test than MCAS http://bit.ly/1Iq73ah,,3355,1,HCMStrat,3/24/15,1,0,,@MassStand @teachplusMA,#PARCC,5.80E+17,https://twitter.com/HCMStrat/status/580452971248504832,
184,Testing is a reality in life. Is opting out of common core tests a disservice to kids and families? @NYTimes http://nyti.ms/1zutBQo,,22315,1,gdknudsen,3/1/15,0,0,,@NYTimes,,5.72E+17,https://twitter.com/gdknudsen/status/572172629098029056,
186,Thanks to our Primary classes for supporting our 4th and 5th graders during #PARCC !! pic.twitter.com/G7kWnWQabP,,4274,1,gbparkaacps,3/22/15,3,3,,,#PARCC,5.80E+17,https://twitter.com/gbparkaacps/status/579796324436054019,
182,Teacher gives hilarious pep talk prior to #sbac #humor is excellent test prep. #brains #stresspic.twitter.com/WXCH2gLPOB,,50004,1,GaryAckermanPhD,3/31/15,1,1,,,#sbac #humor #brains #stresspic,5.83E+17,https://twitter.com/GaryAckermanPhD/status/582887865375420416,
47,72% of Massachusetts participants said #PARCC is a higher-quality assessment than previous #MCAS Test: http://goo.gl/9p55kt,,2248,1,EDtracker,3/26/15,0,0,,,#PARCC #MCAS,5.81E+17,https://twitter.com/EDtracker/status/581147585794031616,
145,Our 2nd Assignment of The Day features this outstanding #parcc sample assignment! Check it out! https://edcite.com/1jd3e7 #edtech,,50020,1,EdciteTeam,3/31/15,1,0,,,#parcc #edtech,5.83E+17,https://twitter.com/EdciteTeam/status/582964130383986688,
86,Editorial: Enough with the games. Take the #PARCC test. http://bit.ly/1FUwqkF @projo #RhodeIsland,,3080,1,Ed_Achorn,3/25/15,0,1,,@projo,#PARCC #RhodeIsland,5.81E+17,https://twitter.com/Ed_Achorn/status/580694919066488832,
203,Today is the day! Wish our upper grades luck as they Rock it out of the #PARCC #EaglePride #dccharters http://ow.ly/i/a9r0j,,50013,1,eagleacademypcs,3/30/15,1,1,,,#PARCC #EaglePride #dccharters,5.83E+17,https://twitter.com/eagleacademypcs/status/582537783887183874,
33,#PARCC let me work with the most amazing testing team in my district. Absolutely focused and goal oriented. #resiliencechat,,3740,1,DrTufaro,3/23/15,2,2,,,#PARCC #resiliencechat,5.80E+17,https://twitter.com/DrTufaro/status/580190042762543105,
169,Should we be asking only if we test too much OR instead should we as if we are using assessments effectively? #parcc http://bit.ly/ohfipa2,,8153,1,drmaryp56,3/17/15,0,1,,,#parcc,5.78E+17,https://twitter.com/drmaryp56/status/578011210055966720,
170,Should we be asking only if we test too much OR instead should we as if we are using assessments effectively? #parcc http://bit.ly/ohfipa2,,8153,1,drmaryp56,3/17/15,3,2,,,#parcc,5.78E+17,https://twitter.com/drmaryp56/status/577875368197136384,
121,"Implementing the new test will be hard but worth it"" #PARCC #teachervoice #edchat http://ow.ly/L25FF""",,50016,1,DianeKCohen,3/31/15,0,1,,,#PARCC #teachervoice #edchat,5.83E+17,https://twitter.com/DianeKCohen/status/583027420233629698,
70,Chicago Teacher: I Support High-Quality Assessments Like #PARCC #teachervoice #edchat #ccss #commoncore http://sco.lt/5yy9I1,,15764,1,dgburris,3/11/15,0,0,,,#PARCC #teachervoice #edchat #ccss #commoncore,5.76E+17,https://twitter.com/dgburris/status/575804905547563008,
71,Chicago Teacher: I Support High-Quality Assessments Like #PARCC #teachervoice #edchat #ccss #commoncore http://sco.lt/5yy9I1,,15764,1,dgburris,3/10/15,1,1,,,#PARCC #teachervoice #edchat #ccss #commoncore,5.75E+17,https://twitter.com/dgburris/status/575265904365338625,
124,In the Spotlight: New tests will prepare students for success #education #edchat #ccss #commoncore #PARCC http://sco.lt/8Ph0pl,,8789,1,dgburris,3/16/15,2,0,,,#education #edchat #ccss #commoncore #PARCC,5.78E+17,https://twitter.com/dgburris/status/577639319818604544,
153,Parents Should Welcome the New Common Core Tests #education #edchat #ccss #parents #commoncore #SBAC http://sco.lt/8yVXUn,,4156,1,dgburris,3/23/15,0,0,,,#education #edchat #ccss #parents #commoncore #SBAC,5.80E+17,https://twitter.com/dgburris/status/579961605733158912,
17,@PARCCPlace Also the drop down calculator was VERY useful! #coolblue9 #PARCC,,1940,1,DaryinR,3/27/15,1,1,,@PARCCPlace,#coolblue9 #PARCC,5.81E+17,https://twitter.com/DaryinR/status/581423471646883840,
19,@PARCCPlace I like the set up of your test and how you mixed in multiple choice and fill in the blank questions. #coolblue9 #PARCC,,1942,1,DaryinR,3/27/15,1,1,,@PARCCPlace,#coolblue9 #PARCC,5.81E+17,https://twitter.com/DaryinR/status/581423076631547904,
45,5 strategies for success on standardized tests - http://bit.ly/1HUxuEL #caedchat #sunchat #edchat #PARCC #SmarterBalance,,10256,1,curriculet,3/15/15,0,1,,,#caedchat #sunchat #edchat #PARCC #SmarterBalance,5.77E+17,https://twitter.com/curriculet/status/577269327499370496,
12,"@NorwichBulletin compares #SBAC to CEA's testing proposal: Eliminating student testing only delays education reform"" http://shar.es/1ggVAN""",,50029,1,CTedreform,3/31/15,0,0,,@NorwichBulletin,#SBAC,5.83E+17,https://twitter.com/CTedreform/status/582953039008571392,
13,"@NorwichBulletin compares #SBAC to CEA's testing proposal: Eliminating student testing only delays education reform"" http://shar.es/1ggVAN""",,50029,1,CTedreform,3/30/15,0,0,,@NorwichBulletin,#SBAC,5.83E+17,https://twitter.com/CTedreform/status/582573212954976257,
39,#SBAC will provide a springboard for improvement; eliminating the tests is counterproductive/ potentially destructive http://ow.ly/KZCCO,,50025,1,CTedreform,3/30/15,0,0,,,#SBAC,5.83E+17,https://twitter.com/CTedreform/status/582612803208495104,
54,A #CT parent and former superintendent reflects on the importance of testing. http://ow.ly/L2uj6 #SBAC #education #edreform,,50021,1,CTedreform,3/31/15,2,1,,,#CT #SBAC #education #edreform,5.83E+17,https://twitter.com/CTedreform/status/582958409529573376,
89,For parents testing is an opportunity http://ow.ly/KKamq #education #SBAC #edu,,3445,1,CTedreform,3/24/15,0,0,,,#education #SBAC #edu,5.80E+17,https://twitter.com/CTedreform/status/580407536215547904,
216,Why do we need #SBAC testing anyway? Read about why we support it here: http://ow.ly/KZDWX #edreform #education,,50024,1,CTedreform,4/2/15,0,0,,,#SBAC #edreform #education,5.84E+17,https://twitter.com/CTedreform/status/583652146408718336,
217,Why do we need #SBAC testing anyway? Read about why we support it here: http://ow.ly/KZDWX #edreform #education,,50024,1,CTedreform,3/31/15,0,0,,,#SBAC #edreform #education,5.83E+17,https://twitter.com/CTedreform/status/582961939791392769,
218,Why do we need #SBAC testing anyway? Read about why we support it here: http://ow.ly/KZDWX #edreform #education,,50024,1,CTedreform,3/30/15,1,0,,,#SBAC #edreform #education,5.83E+17,https://twitter.com/CTedreform/status/582614436902514688,
51,79% of teachers rate #PARCC as a higher quality assessment than prior state tests per @teachplus report. http://bit.ly/1EpYZ7P @MBAENews,,9519,1,ConsidineJC,3/16/15,0,0,,@teachplus @MBAENews,#PARCC,5.77E+17,https://twitter.com/ConsidineJC/status/577470088858583040,
194,"The movement"" of parents opting their kids out of educational testing is mostly wishful thinking. Get tested people save your kids.""",,4283,1,citizenstewart,3/22/15,5,3,,,,5.80E+17,https://twitter.com/citizenstewart/status/579786738001797120,
85,Don't invoke #optout @PatriciaFahy109 and vote yes on #NYSBudget,,29,1,ChrisCerrone15,3/31/15,3,3,,@PatriciaFahy109,#optout #NYSBudget,5.83E+17,https://twitter.com/ChrisCerrone15/status/583099564883886080,
112,How is your #PARCC test going? I bet these folk had a good experience ;) http://fb.me/30cnbjMbe,,8397,1,CCMathResources,3/17/15,0,0,,,#PARCC,5.78E+17,https://twitter.com/CCMathResources/status/577827658114809856,
149,PARCC testing begins in the morning with Junior High and High School. Be sure to rest your brain tonight. #PARCC #nextgen,,22284,1,careyevstech,3/1/15,1,0,,,#PARCC #nextgen,5.72E+17,https://twitter.com/careyevstech/status/572186779807309824,
14,@NYSAPE Before I start supporting #optout I want info on how this will impact my district I want to be respectful 2 supportive admin thanks,,17,1,C_Derrenbacher,3/31/15,0,0,,@NYSAPE,#optout,5.83E+17,https://twitter.com/C_Derrenbacher/status/583108096261812224,
55,a 6th grader has @DanielPink book Drive queued for reading after he finishes his #parcc testing this morning!,,8389,1,bthompso_99,3/17/15,0,1,,@DanielPink,#parcc,5.78E+17,https://twitter.com/bthompso_99/status/577829243612053504,
172,So much behind-the-scenes work happening for #PARCC this weekend. Thanks to everyone for the great teamwork!,,22395,1,blehet,3/1/15,1,1,,,#PARCC,5.72E+17,https://twitter.com/blehet/status/572132387431325696,
76,Creative writing during PARCC activities. #jjh68learns #PARCC pic.twitter.com/jM16OjuUKG,,8047,1,Bill_Barnum,3/17/15,0,0,,,#jjh68learns #PARCC,5.78E+17,https://twitter.com/Bill_Barnum/status/577891010870575104,
188,That opting out of test shit gets me tight. The points are valid but we took the test. Since when do you just get to say you don't want to?,,3052,1,BieBs_1BaBy,3/25/15,0,0,,,,5.81E+17,https://twitter.com/BieBs_1BaBy/status/580714825766060032,
27,#Mashpee should be proud. Day One of #PARCC went very well. Students worked hard and staff made it happen. Kudos to all!,,8802,1,bhyde1,3/16/15,1,4,,,#Mashpee #PARCC,5.78E+17,https://twitter.com/bhyde1/status/577638159758073856,
48,72% of Massachusetts participants said #PARCC is a higher-quality assessment than previous #MCAS Test: http://goo.gl/9p55kt #mapoli,,2307,1,BenGoodman,3/26/15,0,1,,,#PARCC #MCAS #mapoli,5.81E+17,https://twitter.com/BenGoodman/status/581124419042582529,
168,Senators are concerned with how student achievement might be measured if a parent can opt their children out of taking any test. #HB2246,,50018,1,ben_giles,3/31/15,1,1,,,#HB2246,5.83E+17,https://twitter.com/ben_giles/status/583021180036108289,
1,. @educationgadfly @rpondiscio How does any given #optout stdnt negatively affect any other stdnt (of any SES or ethnicity)? #credibilitygaps,,1026,1,AssessWell,3/29/15,1,1,,@educationgadfly @rpondiscio,#optout #credibilitygaps,5.82E+17,https://twitter.com/AssessWell/status/582366245254647808,
6,@dgburris @DataDiva @getwhatugive @Caplee62 Given #NCLB explicitly reqs demonstrably reliable & valid measures #PARCC/ #SBAC don't qualify?,,22282,1,AssessWell,3/1/15,0,1,,@dgburris @DataDiva @getwhatugive @Caplee62,#NCLB #PARCC #SBAC,5.72E+17,https://twitter.com/AssessWell/status/572187208007827456,
129,Lots of great learning about #PARCC #1to1 #Chromebooks with my peers including @jorech @MissOlsen58 @ESciGuy @edu_katied @MrsBronke.,,8187,1,anna_kraftson,3/17/15,3,1,,@jorech @MissOlsen58 @ESciGuy @edu_katied @MrsBronke,#PARCC #1to1 #Chromebooks,5.78E+17,https://twitter.com/anna_kraftson/status/577867769561022464,
62,Anti-testers just as ignorant as anti-vaxxers ~ As Common Core Testing Is Ushered In Parents and Students Opt Out http://nyti.ms/1wDojSo,,22175,1,AndrewRAConway,3/1/15,0,2,,,,5.72E+17,https://twitter.com/AndrewRAConway/status/572220878320209921,
100,Good luck to @eagleacademypcs students this week on the #PARCC. #dccharter students rock!,,50011,1,AlstonMarketing,3/30/15,0,0,,@eagleacademypcs,#PARCC #dccharter,5.83E+17,https://twitter.com/AlstonMarketing/status/582550838641590273,
18,@PARCCPlace I found the non calculator part much easier Also I liked the answer eliminator #coolblue9 #PARCC,,1939,1,alisamarks_,3/27/15,2,3,,@PARCCPlace,#coolblue9 #PARCC,5.81E+17,https://twitter.com/alisamarks_/status/581423547471523841,
215,"When I asked Landon how did his first day of #PARCC testing go he replied It was easy."" His answer totally... http://fb.me/7cxskVax7""",,8338,1,Alicia_L_Craig,3/17/15,0,0,,,#PARCC,5.78E+17,https://twitter.com/Alicia_L_Craig/status/577838474134441985,
46,72% of Massachusetts participants said #PARCC is a higher-quality assessment than previous #MCAS Test: http://goo.gl/9p55kt,,2248,1,AchieveInc,3/27/15,2,0,,,#PARCC #MCAS,5.81E+17,https://twitter.com/AchieveInc/status/581446880569229312,
117,I'm going to say it i like #PARCC way more. #PARCCtesting,,3807,1,_santana_gz_,3/23/15,0,2,,,#PARCC #PARCCtesting,5.80E+17,https://twitter.com/_santana_gz_/status/580164288880386048,